Emoji,Unicode,Bytes,Description
😁,U+1F601,\xF0\x9F\x98\x81,GRINNING FACE WITH SMILING EYES
😂,U+1F602,\xF0\x9F\x98\x82,FACE WITH TEARS OF JOY
😃,U+1F603,\xF0\x9F\x98\x83,SMILING FACE WITH OPEN MOUTH
😄,U+1F604,\xF0\x9F\x98\x84,SMILING FACE WITH OPEN MOUTH AND SMILING EYES
😅,U+1F605,\xF0\x9F\x98\x85,SMILING FACE WITH OPEN MOUTH AND COLD SWEAT
😆,U+1F606,\xF0\x9F\x98\x86,SMILING FACE WITH OPEN MOUTH AND TIGHTLY-CLOSED EYES
😉,U+1F609,\xF0\x9F\x98\x89,WINKING FACE
😊,U+1F60A,\xF0\x9F\x98\x8A,SMILING FACE WITH SMILING EYES
😋,U+1F60B,\xF0\x9F\x98\x8B,FACE SAVOURING DELICIOUS FOOD
😌,U+1F60C,\xF0\x9F\x98\x8C,RELIEVED FACE
😍,U+1F60D,\xF0\x9F\x98\x8D,SMILING FACE WITH HEART-SHAPED EYES
😏,U+1F60F,\xF0\x9F\x98\x8F,SMIRKING FACE
😒,U+1F612,\xF0\x9F\x98\x92,UNAMUSED FACE
😓,U+1F613,\xF0\x9F\x98\x93,FACE WITH COLD SWEAT
😔,U+1F614,\xF0\x9F\x98\x94,PENSIVE FACE
😖,U+1F616,\xF0\x9F\x98\x96,CONFOUNDED FACE
😘,U+1F618,\xF0\x9F\x98\x98,FACE THROWING A KISS
😚,U+1F61A,\xF0\x9F\x98\x9A,KISSING FACE WITH CLOSED EYES
😜,U+1F61C,\xF0\x9F\x98\x9C,FACE WITH STUCK-OUT TONGUE AND WINKING EYE
😝,U+1F61D,\xF0\x9F\x98\x9D,FACE WITH STUCK-OUT TONGUE AND TIGHTLY-CLOSED EYES
😞,U+1F61E,\xF0\x9F\x98\x9E,DISAPPOINTED FACE
😠,U+1F620,\xF0\x9F\x98\xA0,ANGRY FACE
😡,U+1F621,\xF0\x9F\x98\xA1,POUTING FACE
😢,U+1F622,\xF0\x9F\x98\xA2,CRYING FACE
😣,U+1F623,\xF0\x9F\x98\xA3,PERSEVERING FACE
😤,U+1F624,\xF0\x9F\x98\xA4,FACE WITH LOOK OF TRIUMPH
😥,U+1F625,\xF0\x9F\x98\xA5,DISAPPOINTED BUT RELIEVED FACE
😨,U+1F628,\xF0\x9F\x98\xA8,FEARFUL FACE
😩,U+1F629,\xF0\x9F\x98\xA9,WEARY FACE
😪,U+1F62A,\xF0\x9F\x98\xAA,SLEEPY FACE
😫,U+1F62B,\xF0\x9F\x98\xAB,TIRED FACE
😭,U+1F62D,\xF0\x9F\x98\xAD,LOUDLY CRYING FACE
😰,U+1F630,\xF0\x9F\x98\xB0,FACE WITH OPEN MOUTH AND COLD SWEAT
😱,U+1F631,\xF0\x9F\x98\xB1,FACE SCREAMING IN FEAR
😲,U+1F632,\xF0\x9F\x98\xB2,ASTONISHED FACE
😳,U+1F633,\xF0\x9F\x98\xB3,FLUSHED FACE
😵,U+1F635,\xF0\x9F\x98\xB5,DIZZY FACE
😷,U+1F637,\xF0\x9F\x98\xB7,FACE WITH MEDICAL MASK
😸,U+1F638,\xF0\x9F\x98\xB8,GRINNING CAT FACE WITH SMILING EYES
😹,U+1F639,\xF0\x9F\x98\xB9,CAT FACE WITH TEARS OF JOY
😺,U+1F63A,\xF0\x9F\x98\xBA,SMILING CAT FACE WITH OPEN MOUTH
😻,U+1F63B,\xF0\x9F\x98\xBB,SMILING CAT FACE WITH HEART-SHAPED EYES
😼,U+1F63C,\xF0\x9F\x98\xBC,CAT FACE WITH WRY SMILE
😽,U+1F63D,\xF0\x9F\x98\xBD,KISSING CAT FACE WITH CLOSED EYES
😾,U+1F63E,\xF0\x9F\x98\xBE,POUTING CAT FACE
😿,U+1F63F,\xF0\x9F\x98\xBF,CRYING CAT FACE
🙀,U+1F640,\xF0\x9F\x99\x80,WEARY CAT FACE
🙅,U+1F645,\xF0\x9F\x99\x85,FACE WITH NO GOOD GESTURE
🙆,U+1F646,\xF0\x9F\x99\x86,FACE WITH OK GESTURE
🙇,U+1F647,\xF0\x9F\x99\x87,PERSON BOWING DEEPLY
🙈,U+1F648,\xF0\x9F\x99\x88,SEE-NO-EVIL MONKEY
🙉,U+1F649,\xF0\x9F\x99\x89,HEAR-NO-EVIL MONKEY
🙊,U+1F64A,\xF0\x9F\x99\x8A,SPEAK-NO-EVIL MONKEY
🙋,U+1F64B,\xF0\x9F\x99\x8B,HAPPY PERSON RAISING ONE HAND
🙌,U+1F64C,\xF0\x9F\x99\x8C,PERSON RAISING BOTH HANDS IN CELEBRATION
🙍,U+1F64D,\xF0\x9F\x99\x8D,PERSON FROWNING
🙎,U+1F64E,\xF0\x9F\x99\x8E,PERSON WITH POUTING FACE
🙏,U+1F64F,\xF0\x9F\x99\x8F,PERSON WITH FOLDED HANDS
✂,U+2702,\xE2\x9C\x82,BLACK SCISSORS
✅,U+2705,\xE2\x9C\x85,WHITE HEAVY CHECK MARK
✈,U+2708,\xE2\x9C\x88,AIRPLANE
✉,U+2709,\xE2\x9C\x89,ENVELOPE
✊,U+270A,\xE2\x9C\x8A,RAISED FIST
✋,U+270B,\xE2\x9C\x8B,RAISED HAND
✌,U+270C,\xE2\x9C\x8C,VICTORY HAND
✏,U+270F,\xE2\x9C\x8F,PENCIL
✒,U+2712,\xE2\x9C\x92,BLACK NIB
✔,U+2714,\xE2\x9C\x94,HEAVY CHECK MARK
✖,U+2716,\xE2\x9C\x96,HEAVY MULTIPLICATION X
✨,U+2728,\xE2\x9C\xA8,SPARKLES
✳,U+2733,\xE2\x9C\xB3,EIGHT SPOKED ASTERISK
✴,U+2734,\xE2\x9C\xB4,EIGHT POINTED BLACK STAR
❄,U+2744,\xE2\x9D\x84,SNOWFLAKE
❇,U+2747,\xE2\x9D\x87,SPARKLE
❌,U+274C,\xE2\x9D\x8C,CROSS MARK
❎,U+274E,\xE2\x9D\x8E,NEGATIVE SQUARED CROSS MARK
❓,U+2753,\xE2\x9D\x93,BLACK QUESTION MARK ORNAMENT
❔,U+2754,\xE2\x9D\x94,WHITE QUESTION MARK ORNAMENT
❕,U+2755,\xE2\x9D\x95,WHITE EXCLAMATION MARK ORNAMENT
❗,U+2757,\xE2\x9D\x97,HEAVY EXCLAMATION MARK SYMBOL
❤,U+2764,\xE2\x9D\xA4,HEAVY BLACK HEART
➕,U+2795,\xE2\x9E\x95,HEAVY PLUS SIGN
➖,U+2796,\xE2\x9E\x96,HEAVY MINUS SIGN
➗,U+2797,\xE2\x9E\x97,HEAVY DIVISION SIGN
➡,U+27A1,\xE2\x9E\xA1,BLACK RIGHTWARDS ARROW
➰,U+27B0,\xE2\x9E\xB0,CURLY LOOP
🚀,U+1F680,\xF0\x9F\x9A\x80,ROCKET
🚃,U+1F683,\xF0\x9F\x9A\x83,RAILWAY CAR
🚄,U+1F684,\xF0\x9F\x9A\x84,HIGH-SPEED TRAIN
🚅,U+1F685,\xF0\x9F\x9A\x85,HIGH-SPEED TRAIN WITH BULLET NOSE
🚇,U+1F687,\xF0\x9F\x9A\x87,METRO
🚉,U+1F689,\xF0\x9F\x9A\x89,STATION
🚌,U+1F68C,\xF0\x9F\x9A\x8C,BUS
🚏,U+1F68F,\xF0\x9F\x9A\x8F,BUS STOP
🚑,U+1F691,\xF0\x9F\x9A\x91,AMBULANCE
🚒,U+1F692,\xF0\x9F\x9A\x92,FIRE ENGINE
🚓,U+1F693,\xF0\x9F\x9A\x93,POLICE CAR
🚕,U+1F695,\xF0\x9F\x9A\x95,TAXI
🚗,U+1F697,\xF0\x9F\x9A\x97,AUTOMOBILE
🚙,U+1F699,\xF0\x9F\x9A\x99,RECREATIONAL VEHICLE
🚚,U+1F69A,\xF0\x9F\x9A\x9A,DELIVERY TRUCK
🚢,U+1F6A2,\xF0\x9F\x9A\xA2,SHIP
🚤,U+1F6A4,\xF0\x9F\x9A\xA4,SPEEDBOAT
🚥,U+1F6A5,\xF0\x9F\x9A\xA5,HORIZONTAL TRAFFIC LIGHT
🚧,U+1F6A7,\xF0\x9F\x9A\xA7,CONSTRUCTION SIGN
🚨,U+1F6A8,\xF0\x9F\x9A\xA8,POLICE CARS REVOLVING LIGHT
🚩,U+1F6A9,\xF0\x9F\x9A\xA9,TRIANGULAR FLAG ON POST
🚪,U+1F6AA,\xF0\x9F\x9A\xAA,DOOR
🚫,U+1F6AB,\xF0\x9F\x9A\xAB,NO ENTRY SIGN
🚬,U+1F6AC,\xF0\x9F\x9A\xAC,SMOKING SYMBOL
🚭,U+1F6AD,\xF0\x9F\x9A\xAD,NO SMOKING SYMBOL
🚲,U+1F6B2,\xF0\x9F\x9A\xB2,BICYCLE
🚶,U+1F6B6,\xF0\x9F\x9A\xB6,PEDESTRIAN
🚹,U+1F6B9,\xF0\x9F\x9A\xB9,MENS SYMBOL
🚺,U+1F6BA,\xF0\x9F\x9A\xBA,WOMENS SYMBOL
🚻,U+1F6BB,\xF0\x9F\x9A\xBB,RESTROOM
🚼,U+1F6BC,\xF0\x9F\x9A\xBC,BABY SYMBOL
🚽,U+1F6BD,\xF0\x9F\x9A\xBD,TOILET
🚾,U+1F6BE,\xF0\x9F\x9A\xBE,WATER CLOSET
🛀,U+1F6C0,\xF0\x9F\x9B\x80,BATH
Ⓜ,U+24C2,\xE2\x93\x82,CIRCLED LATIN CAPITAL LETTER M
🅰,U+1F170,\xF0\x9F\x85\xB0,NEGATIVE SQUARED LATIN CAPITAL LETTER A
🅱,U+1F171,\xF0\x9F\x85\xB1,NEGATIVE SQUARED LATIN CAPITAL LETTER B
🅾,U+1F17E,\xF0\x9F\x85\xBE,NEGATIVE SQUARED LATIN CAPITAL LETTER O
🅿,U+1F17F,\xF0\x9F\x85\xBF,NEGATIVE SQUARED LATIN CAPITAL LETTER P
🆎,U+1F18E,\xF0\x9F\x86\x8E,NEGATIVE SQUARED AB
🆑,U+1F191,\xF0\x9F\x86\x91,SQUARED CL
🆒,U+1F192,\xF0\x9F\x86\x92,SQUARED COOL
🆓,U+1F193,\xF0\x9F\x86\x93,SQUARED FREE
🆔,U+1F194,\xF0\x9F\x86\x94,SQUARED ID
🆕,U+1F195,\xF0\x9F\x86\x95,SQUARED NEW
🆖,U+1F196,\xF0\x9F\x86\x96,SQUARED NG
🆗,U+1F197,\xF0\x9F\x86\x97,SQUARED OK
🆘,U+1F198,\xF0\x9F\x86\x98,SQUARED SOS
🆙,U+1F199,\xF0\x9F\x86\x99,SQUARED UP WITH EXCLAMATION MARK
🆚,U+1F19A,\xF0\x9F\x86\x9A,SQUARED VS
🇩🇪,U+1F1E9,\xF0\x9F\x87\xA9\xF0\x9F\x87\xAA,REGIONAL INDICATOR SYMBOL LETTER D + REGIONAL INDICATOR SYMBOL LETTER E
🇬🇧,U+1F1EC,\xF0\x9F\x87\xAC\xF0\x9F\x87\xA7,REGIONAL INDICATOR SYMBOL LETTER G + REGIONAL INDICATOR SYMBOL LETTER B
🇨🇳,U+1F1E8,\xF0\x9F\x87\xA8\xF0\x9F\x87\xB3,REGIONAL INDICATOR SYMBOL LETTER C + REGIONAL INDICATOR SYMBOL LETTER N
🇯🇵,U+1F1EF,\xF0\x9F\x87\xAF\xF0\x9F\x87\xB5,REGIONAL INDICATOR SYMBOL LETTER J + REGIONAL INDICATOR SYMBOL LETTER P
🇫🇷,U+1F1EB,\xF0\x9F\x87\xAB\xF0\x9F\x87\xB7,REGIONAL INDICATOR SYMBOL LETTER F + REGIONAL INDICATOR SYMBOL LETTER R
🇰🇷,U+1F1F0,\xF0\x9F\x87\xB0\xF0\x9F\x87\xB7,REGIONAL INDICATOR SYMBOL LETTER K + REGIONAL INDICATOR SYMBOL LETTER R
🇪🇸,U+1F1EA,\xF0\x9F\x87\xAA\xF0\x9F\x87\xB8,REGIONAL INDICATOR SYMBOL LETTER E + REGIONAL INDICATOR SYMBOL LETTER S
🇮🇹,U+1F1EE,\xF0\x9F\x87\xAE\xF0\x9F\x87\xB9,REGIONAL INDICATOR SYMBOL LETTER I + REGIONAL INDICATOR SYMBOL LETTER T
🇷🇺,U+1F1F7,\xF0\x9F\x87\xB7\xF0\x9F\x87\xBA,REGIONAL INDICATOR SYMBOL LETTER R + REGIONAL INDICATOR SYMBOL LETTER U
🇺🇸,U+1F1FA,\xF0\x9F\x87\xBA\xF0\x9F\x87\xB8,REGIONAL INDICATOR SYMBOL LETTER U + REGIONAL INDICATOR SYMBOL LETTER S
🈁,U+1F201,\xF0\x9F\x88\x81,SQUARED KATAKANA KOKO
🈂,U+1F202,\xF0\x9F\x88\x82,SQUARED KATAKANA SA
🈚,U+1F21A,\xF0\x9F\x88\x9A,SQUARED CJK UNIFIED IDEOGRAPH-7121
🈯,U+1F22F,\xF0\x9F\x88\xAF,SQUARED CJK UNIFIED IDEOGRAPH-6307
🈲,U+1F232,\xF0\x9F\x88\xB2,SQUARED CJK UNIFIED IDEOGRAPH-7981
🈳,U+1F233,\xF0\x9F\x88\xB3,SQUARED CJK UNIFIED IDEOGRAPH-7A7A
🈴,U+1F234,\xF0\x9F\x88\xB4,SQUARED CJK UNIFIED IDEOGRAPH-5408
🈵,U+1F235,\xF0\x9F\x88\xB5,SQUARED CJK UNIFIED IDEOGRAPH-6E80
🈶,U+1F236,\xF0\x9F\x88\xB6,SQUARED CJK UNIFIED IDEOGRAPH-6709
🈷,U+1F237,\xF0\x9F\x88\xB7,SQUARED CJK UNIFIED IDEOGRAPH-6708
🈸,U+1F238,\xF0\x9F\x88\xB8,SQUARED CJK UNIFIED IDEOGRAPH-7533
🈹,U+1F239,\xF0\x9F\x88\xB9,SQUARED CJK UNIFIED IDEOGRAPH-5272
🈺,U+1F23A,\xF0\x9F\x88\xBA,SQUARED CJK UNIFIED IDEOGRAPH-55B6
🉐,U+1F250,\xF0\x9F\x89\x90,CIRCLED IDEOGRAPH ADVANTAGE
🉑,U+1F251,\xF0\x9F\x89\x91,CIRCLED IDEOGRAPH ACCEPT
©,U+A9,\xC2\xA9,COPYRIGHT SIGN
®,U+AE,\xC2\xAE,REGISTERED SIGN
‼,U+203C,\xE2\x80\xBC,DOUBLE EXCLAMATION MARK
⁉,U+2049,\xE2\x81\x89,EXCLAMATION QUESTION MARK
#⃣,U+23,\x23\xE2\x83\xA3,NUMBER SIGN + COMBINING ENCLOSING KEYCAP
8⃣,U+38,\x38\xE2\x83\xA3,DIGIT EIGHT + COMBINING ENCLOSING KEYCAP
9⃣,U+39,\x39\xE2\x83\xA3,DIGIT NINE + COMBINING ENCLOSING KEYCAP
7⃣,U+37,\x37\xE2\x83\xA3,DIGIT SEVEN + COMBINING ENCLOSING KEYCAP
0⃣,U+30,\x30\xE2\x83\xA3,DIGIT ZERO + COMBINING ENCLOSING KEYCAP
6⃣,U+36,\x36\xE2\x83\xA3,DIGIT SIX + COMBINING ENCLOSING KEYCAP
5⃣,U+35,\x35\xE2\x83\xA3,DIGIT FIVE + COMBINING ENCLOSING KEYCAP
4⃣,U+34,\x34\xE2\x83\xA3,DIGIT FOUR + COMBINING ENCLOSING KEYCAP
3⃣,U+33,\x33\xE2\x83\xA3,DIGIT THREE + COMBINING ENCLOSING KEYCAP
2⃣,U+32,\x32\xE2\x83\xA3,DIGIT TWO + COMBINING ENCLOSING KEYCAP
1⃣,U+31,\x31\xE2\x83\xA3,DIGIT ONE + COMBINING ENCLOSING KEYCAP
™,U+2122,\xE2\x84\xA2,TRADE MARK SIGN
ℹ,U+2139,\xE2\x84\xB9,INFORMATION SOURCE
↔,U+2194,\xE2\x86\x94,LEFT RIGHT ARROW
↕,U+2195,\xE2\x86\x95,UP DOWN ARROW
↖,U+2196,\xE2\x86\x96,NORTH WEST ARROW
↗,U+2197,\xE2\x86\x97,NORTH EAST ARROW
↘,U+2198,\xE2\x86\x98,SOUTH EAST ARROW
↙,U+2199,\xE2\x86\x99,SOUTH WEST ARROW
↩,U+21A9,\xE2\x86\xA9,LEFTWARDS ARROW WITH HOOK
↪,U+21AA,\xE2\x86\xAA,RIGHTWARDS ARROW WITH HOOK
⌚,U+231A,\xE2\x8C\x9A,WATCH
⌛,U+231B,\xE2\x8C\x9B,HOURGLASS
⏩,U+23E9,\xE2\x8F\xA9,BLACK RIGHT-POINTING DOUBLE TRIANGLE
⏪,U+23EA,\xE2\x8F\xAA,BLACK LEFT-POINTING DOUBLE TRIANGLE
⏫,U+23EB,\xE2\x8F\xAB,BLACK UP-POINTING DOUBLE TRIANGLE
⏬,U+23EC,\xE2\x8F\xAC,BLACK DOWN-POINTING DOUBLE TRIANGLE
⏰,U+23F0,\xE2\x8F\xB0,ALARM CLOCK
⏳,U+23F3,\xE2\x8F\xB3,HOURGLASS WITH FLOWING SAND
▪,U+25AA,\xE2\x96\xAA,BLACK SMALL SQUARE
▫,U+25AB,\xE2\x96\xAB,WHITE SMALL SQUARE
▶,U+25B6,\xE2\x96\xB6,BLACK RIGHT-POINTING TRIANGLE
◀,U+25C0,\xE2\x97\x80,BLACK LEFT-POINTING TRIANGLE
◻,U+25FB,\xE2\x97\xBB,WHITE MEDIUM SQUARE
◼,U+25FC,\xE2\x97\xBC,BLACK MEDIUM SQUARE
◽,U+25FD,\xE2\x97\xBD,WHITE MEDIUM SMALL SQUARE
◾,U+25FE,\xE2\x97\xBE,BLACK MEDIUM SMALL SQUARE
☀,U+2600,\xE2\x98\x80,BLACK SUN WITH RAYS
☁,U+2601,\xE2\x98\x81,CLOUD
☎,U+260E,\xE2\x98\x8E,BLACK TELEPHONE
☑,U+2611,\xE2\x98\x91,BALLOT BOX WITH CHECK
☔,U+2614,\xE2\x98\x94,UMBRELLA WITH RAIN DROPS
☕,U+2615,\xE2\x98\x95,HOT BEVERAGE
☝,U+261D,\xE2\x98\x9D,WHITE UP POINTING INDEX
☺,U+263A,\xE2\x98\xBA,WHITE SMILING FACE
♈,U+2648,\xE2\x99\x88,ARIES
♉,U+2649,\xE2\x99\x89,TAURUS
♊,U+264A,\xE2\x99\x8A,GEMINI
♋,U+264B,\xE2\x99\x8B,CANCER
♌,U+264C,\xE2\x99\x8C,LEO
♍,U+264D,\xE2\x99\x8D,VIRGO
♎,U+264E,\xE2\x99\x8E,LIBRA
♏,U+264F,\xE2\x99\x8F,SCORPIUS
♐,U+2650,\xE2\x99\x90,SAGITTARIUS
♑,U+2651,\xE2\x99\x91,CAPRICORN
♒,U+2652,\xE2\x99\x92,AQUARIUS
♓,U+2653,\xE2\x99\x93,PISCES
♠,U+2660,\xE2\x99\xA0,BLACK SPADE SUIT
♣,U+2663,\xE2\x99\xA3,BLACK CLUB SUIT
♥,U+2665,\xE2\x99\xA5,BLACK HEART SUIT
♦,U+2666,\xE2\x99\xA6,BLACK DIAMOND SUIT
♨,U+2668,\xE2\x99\xA8,HOT SPRINGS
♻,U+267B,\xE2\x99\xBB,BLACK UNIVERSAL RECYCLING SYMBOL
♿,U+267F,\xE2\x99\xBF,WHEELCHAIR SYMBOL
⚓,U+2693,\xE2\x9A\x93,ANCHOR
⚠,U+26A0,\xE2\x9A\xA0,WARNING SIGN
⚡,U+26A1,\xE2\x9A\xA1,HIGH VOLTAGE SIGN
⚪,U+26AA,\xE2\x9A\xAA,MEDIUM WHITE CIRCLE
⚫,U+26AB,\xE2\x9A\xAB,MEDIUM BLACK CIRCLE
⚽,U+26BD,\xE2\x9A\xBD,SOCCER BALL
⚾,U+26BE,\xE2\x9A\xBE,BASEBALL
⛄,U+26C4,\xE2\x9B\x84,SNOWMAN WITHOUT SNOW
⛅,U+26C5,\xE2\x9B\x85,SUN BEHIND CLOUD
⛎,U+26CE,\xE2\x9B\x8E,OPHIUCHUS
⛔,U+26D4,\xE2\x9B\x94,NO ENTRY
⛪,U+26EA,\xE2\x9B\xAA,CHURCH
⛲,U+26F2,\xE2\x9B\xB2,FOUNTAIN
⛳,U+26F3,\xE2\x9B\xB3,FLAG IN HOLE
⛵,U+26F5,\xE2\x9B\xB5,SAILBOAT
⛺,U+26FA,\xE2\x9B\xBA,TENT
⛽,U+26FD,\xE2\x9B\xBD,FUEL PUMP
⤴,U+2934,\xE2\xA4\xB4,ARROW POINTING RIGHTWARDS THEN CURVING UPWARDS
⤵,U+2935,\xE2\xA4\xB5,ARROW POINTING RIGHTWARDS THEN CURVING DOWNWARDS
⬅,U+2B05,\xE2\xAC\x85,LEFTWARDS BLACK ARROW
⬆,U+2B06,\xE2\xAC\x86,UPWARDS BLACK ARROW
⬇,U+2B07,\xE2\xAC\x87,DOWNWARDS BLACK ARROW
⬛,U+2B1B,\xE2\xAC\x9B,BLACK LARGE SQUARE
⬜,U+2B1C,\xE2\xAC\x9C,WHITE LARGE SQUARE
⭐,U+2B50,\xE2\xAD\x90,WHITE MEDIUM STAR
⭕,U+2B55,\xE2\xAD\x95,HEAVY LARGE CIRCLE
〰,U+3030,\xE3\x80\xB0,WAVY DASH
〽,U+303D,\xE3\x80\xBD,PART ALTERNATION MARK
㊗,U+3297,\xE3\x8A\x97,CIRCLED IDEOGRAPH CONGRATULATION
㊙,U+3299,\xE3\x8A\x99,CIRCLED IDEOGRAPH SECRET
🀄,U+1F004,\xF0\x9F\x80\x84,MAHJONG TILE RED DRAGON
🃏,U+1F0CF,\xF0\x9F\x83\x8F,PLAYING CARD BLACK JOKER
🌀,U+1F300,\xF0\x9F\x8C\x80,CYCLONE
🌁,U+1F301,\xF0\x9F\x8C\x81,FOGGY
🌂,U+1F302,\xF0\x9F\x8C\x82,CLOSED UMBRELLA
🌃,U+1F303,\xF0\x9F\x8C\x83,NIGHT WITH STARS
🌄,U+1F304,\xF0\x9F\x8C\x84,SUNRISE OVER MOUNTAINS
🌅,U+1F305,\xF0\x9F\x8C\x85,SUNRISE
🌆,U+1F306,\xF0\x9F\x8C\x86,CITYSCAPE AT DUSK
🌇,U+1F307,\xF0\x9F\x8C\x87,SUNSET OVER BUILDINGS
🌈,U+1F308,\xF0\x9F\x8C\x88,RAINBOW
🌉,U+1F309,\xF0\x9F\x8C\x89,BRIDGE AT NIGHT
🌊,U+1F30A,\xF0\x9F\x8C\x8A,WATER WAVE
🌋,U+1F30B,\xF0\x9F\x8C\x8B,VOLCANO
🌌,U+1F30C,\xF0\x9F\x8C\x8C,MILKY WAY
🌏,U+1F30F,\xF0\x9F\x8C\x8F,EARTH GLOBE ASIA-AUSTRALIA
🌑,U+1F311,\xF0\x9F\x8C\x91,NEW MOON SYMBOL
🌓,U+1F313,\xF0\x9F\x8C\x93,FIRST QUARTER MOON SYMBOL
🌔,U+1F314,\xF0\x9F\x8C\x94,WAXING GIBBOUS MOON SYMBOL
🌕,U+1F315,\xF0\x9F\x8C\x95,FULL MOON SYMBOL
🌙,U+1F319,\xF0\x9F\x8C\x99,CRESCENT MOON
🌛,U+1F31B,\xF0\x9F\x8C\x9B,FIRST QUARTER MOON WITH FACE
🌟,U+1F31F,\xF0\x9F\x8C\x9F,GLOWING STAR
🌠,U+1F320,\xF0\x9F\x8C\xA0,SHOOTING STAR
🌰,U+1F330,\xF0\x9F\x8C\xB0,CHESTNUT
🌱,U+1F331,\xF0\x9F\x8C\xB1,SEEDLING
🌴,U+1F334,\xF0\x9F\x8C\xB4,PALM TREE
🌵,U+1F335,\xF0\x9F\x8C\xB5,CACTUS
🌷,U+1F337,\xF0\x9F\x8C\xB7,TULIP
🌸,U+1F338,\xF0\x9F\x8C\xB8,CHERRY BLOSSOM
🌹,U+1F339,\xF0\x9F\x8C\xB9,ROSE
🌺,U+1F33A,\xF0\x9F\x8C\xBA,HIBISCUS
🌻,U+1F33B,\xF0\x9F\x8C\xBB,SUNFLOWER
🌼,U+1F33C,\xF0\x9F\x8C\xBC,BLOSSOM
🌽,U+1F33D,\xF0\x9F\x8C\xBD,EAR OF MAIZE
🌾,U+1F33E,\xF0\x9F\x8C\xBE,EAR OF RICE
🌿,U+1F33F,\xF0\x9F\x8C\xBF,HERB
🍀,U+1F340,\xF0\x9F\x8D\x80,FOUR LEAF CLOVER
🍁,U+1F341,\xF0\x9F\x8D\x81,MAPLE LEAF
🍂,U+1F342,\xF0\x9F\x8D\x82,FALLEN LEAF
🍃,U+1F343,\xF0\x9F\x8D\x83,LEAF FLUTTERING IN WIND
🍄,U+1F344,\xF0\x9F\x8D\x84,MUSHROOM
🍅,U+1F345,\xF0\x9F\x8D\x85,TOMATO
🍆,U+1F346,\xF0\x9F\x8D\x86,AUBERGINE
🍇,U+1F347,\xF0\x9F\x8D\x87,GRAPES
🍈,U+1F348,\xF0\x9F\x8D\x88,MELON
🍉,U+1F349,\xF0\x9F\x8D\x89,WATERMELON
🍊,U+1F34A,\xF0\x9F\x8D\x8A,TANGERINE
🍌,U+1F34C,\xF0\x9F\x8D\x8C,BANANA
🍍,U+1F34D,\xF0\x9F\x8D\x8D,PINEAPPLE
🍎,U+1F34E,\xF0\x9F\x8D\x8E,RED APPLE
🍏,U+1F34F,\xF0\x9F\x8D\x8F,GREEN APPLE
🍑,U+1F351,\xF0\x9F\x8D\x91,PEACH
🍒,U+1F352,\xF0\x9F\x8D\x92,CHERRIES
🍓,U+1F353,\xF0\x9F\x8D\x93,STRAWBERRY
🍔,U+1F354,\xF0\x9F\x8D\x94,HAMBURGER
🍕,U+1F355,\xF0\x9F\x8D\x95,SLICE OF PIZZA
🍖,U+1F356,\xF0\x9F\x8D\x96,MEAT ON BONE
🍗,U+1F357,\xF0\x9F\x8D\x97,POULTRY LEG
🍘,U+1F358,\xF0\x9F\x8D\x98,RICE CRACKER
🍙,U+1F359,\xF0\x9F\x8D\x99,RICE BALL
🍚,U+1F35A,\xF0\x9F\x8D\x9A,COOKED RICE
🍛,U+1F35B,\xF0\x9F\x8D\x9B,CURRY AND RICE
🍜,U+1F35C,\xF0\x9F\x8D\x9C,STEAMING BOWL
🍝,U+1F35D,\xF0\x9F\x8D\x9D,SPAGHETTI
🍞,U+1F35E,\xF0\x9F\x8D\x9E,BREAD
🍟,U+1F35F,\xF0\x9F\x8D\x9F,FRENCH FRIES
🍠,U+1F360,\xF0\x9F\x8D\xA0,ROASTED SWEET POTATO
🍡,U+1F361,\xF0\x9F\x8D\xA1,DANGO
🍢,U+1F362,\xF0\x9F\x8D\xA2,ODEN
🍣,U+1F363,\xF0\x9F\x8D\xA3,SUSHI
🍤,U+1F364,\xF0\x9F\x8D\xA4,FRIED SHRIMP
🍥,U+1F365,\xF0\x9F\x8D\xA5,FISH CAKE WITH SWIRL DESIGN
🍦,U+1F366,\xF0\x9F\x8D\xA6,SOFT ICE CREAM
🍧,U+1F367,\xF0\x9F\x8D\xA7,SHAVED ICE
🍨,U+1F368,\xF0\x9F\x8D\xA8,ICE CREAM
🍩,U+1F369,\xF0\x9F\x8D\xA9,DOUGHNUT
🍪,U+1F36A,\xF0\x9F\x8D\xAA,COOKIE
🍫,U+1F36B,\xF0\x9F\x8D\xAB,CHOCOLATE BAR
🍬,U+1F36C,\xF0\x9F\x8D\xAC,CANDY
🍭,U+1F36D,\xF0\x9F\x8D\xAD,LOLLIPOP
🍮,U+1F36E,\xF0\x9F\x8D\xAE,CUSTARD
🍯,U+1F36F,\xF0\x9F\x8D\xAF,HONEY POT
🍰,U+1F370,\xF0\x9F\x8D\xB0,SHORTCAKE
🍱,U+1F371,\xF0\x9F\x8D\xB1,BENTO BOX
🍲,U+1F372,\xF0\x9F\x8D\xB2,POT OF FOOD
🍳,U+1F373,\xF0\x9F\x8D\xB3,COOKING
🍴,U+1F374,\xF0\x9F\x8D\xB4,FORK AND KNIFE
🍵,U+1F375,\xF0\x9F\x8D\xB5,TEACUP WITHOUT HANDLE
🍶,U+1F376,\xF0\x9F\x8D\xB6,SAKE BOTTLE AND CUP
🍷,U+1F377,\xF0\x9F\x8D\xB7,WINE GLASS
🍸,U+1F378,\xF0\x9F\x8D\xB8,COCKTAIL GLASS
🍹,U+1F379,\xF0\x9F\x8D\xB9,TROPICAL DRINK
🍺,U+1F37A,\xF0\x9F\x8D\xBA,BEER MUG
🍻,U+1F37B,\xF0\x9F\x8D\xBB,CLINKING BEER MUGS
🎀,U+1F380,\xF0\x9F\x8E\x80,RIBBON
🎁,U+1F381,\xF0\x9F\x8E\x81,WRAPPED PRESENT
🎂,U+1F382,\xF0\x9F\x8E\x82,BIRTHDAY CAKE
🎃,U+1F383,\xF0\x9F\x8E\x83,JACK-O-LANTERN
🎄,U+1F384,\xF0\x9F\x8E\x84,CHRISTMAS TREE
🎅,U+1F385,\xF0\x9F\x8E\x85,FATHER CHRISTMAS
🎆,U+1F386,\xF0\x9F\x8E\x86,FIREWORKS
🎇,U+1F387,\xF0\x9F\x8E\x87,FIREWORK SPARKLER
🎈,U+1F388,\xF0\x9F\x8E\x88,BALLOON
🎉,U+1F389,\xF0\x9F\x8E\x89,PARTY POPPER
🎊,U+1F38A,\xF0\x9F\x8E\x8A,CONFETTI BALL
🎋,U+1F38B,\xF0\x9F\x8E\x8B,TANABATA TREE
🎌,U+1F38C,\xF0\x9F\x8E\x8C,CROSSED FLAGS
🎍,U+1F38D,\xF0\x9F\x8E\x8D,PINE DECORATION
🎎,U+1F38E,\xF0\x9F\x8E\x8E,JAPANESE DOLLS
🎏,U+1F38F,\xF0\x9F\x8E\x8F,CARP STREAMER
🎐,U+1F390,\xF0\x9F\x8E\x90,WIND CHIME
🎑,U+1F391,\xF0\x9F\x8E\x91,MOON VIEWING CEREMONY
🎒,U+1F392,\xF0\x9F\x8E\x92,SCHOOL SATCHEL
🎓,U+1F393,\xF0\x9F\x8E\x93,GRADUATION CAP
🎠,U+1F3A0,\xF0\x9F\x8E\xA0,CAROUSEL HORSE
🎡,U+1F3A1,\xF0\x9F\x8E\xA1,FERRIS WHEEL
🎢,U+1F3A2,\xF0\x9F\x8E\xA2,ROLLER COASTER
🎣,U+1F3A3,\xF0\x9F\x8E\xA3,FISHING POLE AND FISH
🎤,U+1F3A4,\xF0\x9F\x8E\xA4,MICROPHONE
🎥,U+1F3A5,\xF0\x9F\x8E\xA5,MOVIE CAMERA
🎦,U+1F3A6,\xF0\x9F\x8E\xA6,CINEMA
🎧,U+1F3A7,\xF0\x9F\x8E\xA7,HEADPHONE
🎨,U+1F3A8,\xF0\x9F\x8E\xA8,ARTIST PALETTE
🎩,U+1F3A9,\xF0\x9F\x8E\xA9,TOP HAT
🎪,U+1F3AA,\xF0\x9F\x8E\xAA,CIRCUS TENT
🎫,U+1F3AB,\xF0\x9F\x8E\xAB,TICKET
🎬,U+1F3AC,\xF0\x9F\x8E\xAC,CLAPPER BOARD
🎭,U+1F3AD,\xF0\x9F\x8E\xAD,PERFORMING ARTS
🎮,U+1F3AE,\xF0\x9F\x8E\xAE,VIDEO GAME
🎯,U+1F3AF,\xF0\x9F\x8E\xAF,DIRECT HIT
🎰,U+1F3B0,\xF0\x9F\x8E\xB0,SLOT MACHINE
🎱,U+1F3B1,\xF0\x9F\x8E\xB1,BILLIARDS
🎲,U+1F3B2,\xF0\x9F\x8E\xB2,GAME DIE
🎳,U+1F3B3,\xF0\x9F\x8E\xB3,BOWLING
🎴,U+1F3B4,\xF0\x9F\x8E\xB4,FLOWER PLAYING CARDS
🎵,U+1F3B5,\xF0\x9F\x8E\xB5,MUSICAL NOTE
🎶,U+1F3B6,\xF0\x9F\x8E\xB6,MULTIPLE MUSICAL NOTES
🎷,U+1F3B7,\xF0\x9F\x8E\xB7,SAXOPHONE
🎸,U+1F3B8,\xF0\x9F\x8E\xB8,GUITAR
🎹,U+1F3B9,\xF0\x9F\x8E\xB9,MUSICAL KEYBOARD
🎺,U+1F3BA,\xF0\x9F\x8E\xBA,TRUMPET
🎻,U+1F3BB,\xF0\x9F\x8E\xBB,VIOLIN
🎼,U+1F3BC,\xF0\x9F\x8E\xBC,MUSICAL SCORE
🎽,U+1F3BD,\xF0\x9F\x8E\xBD,RUNNING SHIRT WITH SASH
🎾,U+1F3BE,\xF0\x9F\x8E\xBE,TENNIS RACQUET AND BALL
🎿,U+1F3BF,\xF0\x9F\x8E\xBF,SKI AND SKI BOOT
🏀,U+1F3C0,\xF0\x9F\x8F\x80,BASKETBALL AND HOOP
🏁,U+1F3C1,\xF0\x9F\x8F\x81,CHEQUERED FLAG
🏂,U+1F3C2,\xF0\x9F\x8F\x82,SNOWBOARDER
🏃,U+1F3C3,\xF0\x9F\x8F\x83,RUNNER
🏄,U+1F3C4,\xF0\x9F\x8F\x84,SURFER
🏆,U+1F3C6,\xF0\x9F\x8F\x86,TROPHY
🏈,U+1F3C8,\xF0\x9F\x8F\x88,AMERICAN FOOTBALL
🏊,U+1F3CA,\xF0\x9F\x8F\x8A,SWIMMER
🏠,U+1F3E0,\xF0\x9F\x8F\xA0,HOUSE BUILDING
🏡,U+1F3E1,\xF0\x9F\x8F\xA1,HOUSE WITH GARDEN
🏢,U+1F3E2,\xF0\x9F\x8F\xA2,OFFICE BUILDING
🏣,U+1F3E3,\xF0\x9F\x8F\xA3,JAPANESE POST OFFICE
🏥,U+1F3E5,\xF0\x9F\x8F\xA5,HOSPITAL
🏦,U+1F3E6,\xF0\x9F\x8F\xA6,BANK
🏧,U+1F3E7,\xF0\x9F\x8F\xA7,AUTOMATED TELLER MACHINE
🏨,U+1F3E8,\xF0\x9F\x8F\xA8,HOTEL
🏩,U+1F3E9,\xF0\x9F\x8F\xA9,LOVE HOTEL
🏪,U+1F3EA,\xF0\x9F\x8F\xAA,CONVENIENCE STORE
🏫,U+1F3EB,\xF0\x9F\x8F\xAB,SCHOOL
🏬,U+1F3EC,\xF0\x9F\x8F\xAC,DEPARTMENT STORE
🏭,U+1F3ED,\xF0\x9F\x8F\xAD,FACTORY
🏮,U+1F3EE,\xF0\x9F\x8F\xAE,IZAKAYA LANTERN
🏯,U+1F3EF,\xF0\x9F\x8F\xAF,JAPANESE CASTLE
🏰,U+1F3F0,\xF0\x9F\x8F\xB0,EUROPEAN CASTLE
🐌,U+1F40C,\xF0\x9F\x90\x8C,SNAIL
🐍,U+1F40D,\xF0\x9F\x90\x8D,SNAKE
🐎,U+1F40E,\xF0\x9F\x90\x8E,HORSE
🐑,U+1F411,\xF0\x9F\x90\x91,SHEEP
🐒,U+1F412,\xF0\x9F\x90\x92,MONKEY
🐔,U+1F414,\xF0\x9F\x90\x94,CHICKEN
🐗,U+1F417,\xF0\x9F\x90\x97,BOAR
🐘,U+1F418,\xF0\x9F\x90\x98,ELEPHANT
🐙,U+1F419,\xF0\x9F\x90\x99,OCTOPUS
🐚,U+1F41A,\xF0\x9F\x90\x9A,SPIRAL SHELL
🐛,U+1F41B,\xF0\x9F\x90\x9B,BUG
🐜,U+1F41C,\xF0\x9F\x90\x9C,ANT
🐝,U+1F41D,\xF0\x9F\x90\x9D,HONEYBEE
🐞,U+1F41E,\xF0\x9F\x90\x9E,LADY BEETLE
🐟,U+1F41F,\xF0\x9F\x90\x9F,FISH
🐠,U+1F420,\xF0\x9F\x90\xA0,TROPICAL FISH
🐡,U+1F421,\xF0\x9F\x90\xA1,BLOWFISH
🐢,U+1F422,\xF0\x9F\x90\xA2,TURTLE
🐣,U+1F423,\xF0\x9F\x90\xA3,HATCHING CHICK
🐤,U+1F424,\xF0\x9F\x90\xA4,BABY CHICK
🐥,U+1F425,\xF0\x9F\x90\xA5,FRONT-FACING BABY CHICK
🐦,U+1F426,\xF0\x9F\x90\xA6,BIRD
🐧,U+1F427,\xF0\x9F\x90\xA7,PENGUIN
🐨,U+1F428,\xF0\x9F\x90\xA8,KOALA
🐩,U+1F429,\xF0\x9F\x90\xA9,POODLE
🐫,U+1F42B,\xF0\x9F\x90\xAB,BACTRIAN CAMEL
🐬,U+1F42C,\xF0\x9F\x90\xAC,DOLPHIN
🐭,U+1F42D,\xF0\x9F\x90\xAD,MOUSE FACE
🐮,U+1F42E,\xF0\x9F\x90\xAE,COW FACE
🐯,U+1F42F,\xF0\x9F\x90\xAF,TIGER FACE
🐰,U+1F430,\xF0\x9F\x90\xB0,RABBIT FACE
🐱,U+1F431,\xF0\x9F\x90\xB1,CAT FACE
🐲,U+1F432,\xF0\x9F\x90\xB2,DRAGON FACE
🐳,U+1F433,\xF0\x9F\x90\xB3,SPOUTING WHALE
🐴,U+1F434,\xF0\x9F\x90\xB4,HORSE FACE
🐵,U+1F435,\xF0\x9F\x90\xB5,MONKEY FACE
🐶,U+1F436,\xF0\x9F\x90\xB6,DOG FACE
🐷,U+1F437,\xF0\x9F\x90\xB7,PIG FACE
🐸,U+1F438,\xF0\x9F\x90\xB8,FROG FACE
🐹,U+1F439,\xF0\x9F\x90\xB9,HAMSTER FACE
🐺,U+1F43A,\xF0\x9F\x90\xBA,WOLF FACE
🐻,U+1F43B,\xF0\x9F\x90\xBB,BEAR FACE
🐼,U+1F43C,\xF0\x9F\x90\xBC,PANDA FACE
🐽,U+1F43D,\xF0\x9F\x90\xBD,PIG NOSE
🐾,U+1F43E,\xF0\x9F\x90\xBE,PAW PRINTS
👀,U+1F440,\xF0\x9F\x91\x80,EYES
👂,U+1F442,\xF0\x9F\x91\x82,EAR
👃,U+1F443,\xF0\x9F\x91\x83,NOSE
👄,U+1F444,\xF0\x9F\x91\x84,MOUTH
👅,U+1F445,\xF0\x9F\x91\x85,TONGUE
👆,U+1F446,\xF0\x9F\x91\x86,WHITE UP POINTING BACKHAND INDEX
👇,U+1F447,\xF0\x9F\x91\x87,WHITE DOWN POINTING BACKHAND INDEX
👈,U+1F448,\xF0\x9F\x91\x88,WHITE LEFT POINTING BACKHAND INDEX
👉,U+1F449,\xF0\x9F\x91\x89,WHITE RIGHT POINTING BACKHAND INDEX
👊,U+1F44A,\xF0\x9F\x91\x8A,FISTED HAND SIGN
👋,U+1F44B,\xF0\x9F\x91\x8B,WAVING HAND SIGN
👌,U+1F44C,\xF0\x9F\x91\x8C,OK HAND SIGN
👍,U+1F44D,\xF0\x9F\x91\x8D,THUMBS UP SIGN
👎,U+1F44E,\xF0\x9F\x91\x8E,THUMBS DOWN SIGN
👏,U+1F44F,\xF0\x9F\x91\x8F,CLAPPING HANDS SIGN
👐,U+1F450,\xF0\x9F\x91\x90,OPEN HANDS SIGN
👑,U+1F451,\xF0\x9F\x91\x91,CROWN
👒,U+1F452,\xF0\x9F\x91\x92,WOMANS HAT
👓,U+1F453,\xF0\x9F\x91\x93,EYEGLASSES
👔,U+1F454,\xF0\x9F\x91\x94,NECKTIE
👕,U+1F455,\xF0\x9F\x91\x95,T-SHIRT
👖,U+1F456,\xF0\x9F\x91\x96,JEANS
👗,U+1F457,\xF0\x9F\x91\x97,DRESS
👘,U+1F458,\xF0\x9F\x91\x98,KIMONO
👙,U+1F459,\xF0\x9F\x91\x99,BIKINI
👚,U+1F45A,\xF0\x9F\x91\x9A,WOMANS CLOTHES
👛,U+1F45B,\xF0\x9F\x91\x9B,PURSE
👜,U+1F45C,\xF0\x9F\x91\x9C,HANDBAG
👝,U+1F45D,\xF0\x9F\x91\x9D,POUCH
👞,U+1F45E,\xF0\x9F\x91\x9E,MANS SHOE
👟,U+1F45F,\xF0\x9F\x91\x9F,ATHLETIC SHOE
👠,U+1F460,\xF0\x9F\x91\xA0,HIGH-HEELED SHOE
👡,U+1F461,\xF0\x9F\x91\xA1,WOMANS SANDAL
👢,U+1F462,\xF0\x9F\x91\xA2,WOMANS BOOTS
👣,U+1F463,\xF0\x9F\x91\xA3,FOOTPRINTS
👤,U+1F464,\xF0\x9F\x91\xA4,BUST IN SILHOUETTE
👦,U+1F466,\xF0\x9F\x91\xA6,BOY
👧,U+1F467,\xF0\x9F\x91\xA7,GIRL
👨,U+1F468,\xF0\x9F\x91\xA8,MAN
👩,U+1F469,\xF0\x9F\x91\xA9,WOMAN
👪,U+1F46A,\xF0\x9F\x91\xAA,FAMILY
👫,U+1F46B,\xF0\x9F\x91\xAB,MAN AND WOMAN HOLDING HANDS
👮,U+1F46E,\xF0\x9F\x91\xAE,POLICE OFFICER
👯,U+1F46F,\xF0\x9F\x91\xAF,WOMAN WITH BUNNY EARS
👰,U+1F470,\xF0\x9F\x91\xB0,BRIDE WITH VEIL
👱,U+1F471,\xF0\x9F\x91\xB1,PERSON WITH BLOND HAIR
👲,U+1F472,\xF0\x9F\x91\xB2,MAN WITH GUA PI MAO
👳,U+1F473,\xF0\x9F\x91\xB3,MAN WITH TURBAN
👴,U+1F474,\xF0\x9F\x91\xB4,OLDER MAN
👵,U+1F475,\xF0\x9F\x91\xB5,OLDER WOMAN
👶,U+1F476,\xF0\x9F\x91\xB6,BABY
👷,U+1F477,\xF0\x9F\x91\xB7,CONSTRUCTION WORKER
👸,U+1F478,\xF0\x9F\x91\xB8,PRINCESS
👹,U+1F479,\xF0\x9F\x91\xB9,JAPANESE OGRE
👺,U+1F47A,\xF0\x9F\x91\xBA,JAPANESE GOBLIN
👻,U+1F47B,\xF0\x9F\x91\xBB,GHOST
👼,U+1F47C,\xF0\x9F\x91\xBC,BABY ANGEL
👽,U+1F47D,\xF0\x9F\x91\xBD,EXTRATERRESTRIAL ALIEN
👾,U+1F47E,\xF0\x9F\x91\xBE,ALIEN MONSTER
👿,U+1F47F,\xF0\x9F\x91\xBF,IMP
💀,U+1F480,\xF0\x9F\x92\x80,SKULL
💁,U+1F481,\xF0\x9F\x92\x81,INFORMATION DESK PERSON
💂,U+1F482,\xF0\x9F\x92\x82,GUARDSMAN
💃,U+1F483,\xF0\x9F\x92\x83,DANCER
💄,U+1F484,\xF0\x9F\x92\x84,LIPSTICK
💅,U+1F485,\xF0\x9F\x92\x85,NAIL POLISH
💆,U+1F486,\xF0\x9F\x92\x86,FACE MASSAGE
💇,U+1F487,\xF0\x9F\x92\x87,HAIRCUT
💈,U+1F488,\xF0\x9F\x92\x88,BARBER POLE
💉,U+1F489,\xF0\x9F\x92\x89,SYRINGE
💊,U+1F48A,\xF0\x9F\x92\x8A,PILL
💋,U+1F48B,\xF0\x9F\x92\x8B,KISS MARK
💌,U+1F48C,\xF0\x9F\x92\x8C,LOVE LETTER
💍,U+1F48D,\xF0\x9F\x92\x8D,RING
💎,U+1F48E,\xF0\x9F\x92\x8E,GEM STONE
💏,U+1F48F,\xF0\x9F\x92\x8F,KISS
💐,U+1F490,\xF0\x9F\x92\x90,BOUQUET
💑,U+1F491,\xF0\x9F\x92\x91,COUPLE WITH HEART
💒,U+1F492,\xF0\x9F\x92\x92,WEDDING
💓,U+1F493,\xF0\x9F\x92\x93,BEATING HEART
💔,U+1F494,\xF0\x9F\x92\x94,BROKEN HEART
💕,U+1F495,\xF0\x9F\x92\x95,TWO HEARTS
💖,U+1F496,\xF0\x9F\x92\x96,SPARKLING HEART
💗,U+1F497,\xF0\x9F\x92\x97,GROWING HEART
💘,U+1F498,\xF0\x9F\x92\x98,HEART WITH ARROW
💙,U+1F499,\xF0\x9F\x92\x99,BLUE HEART
💚,U+1F49A,\xF0\x9F\x92\x9A,GREEN HEART
💛,U+1F49B,\xF0\x9F\x92\x9B,YELLOW HEART
💜,U+1F49C,\xF0\x9F\x92\x9C,PURPLE HEART
💝,U+1F49D,\xF0\x9F\x92\x9D,HEART WITH RIBBON
💞,U+1F49E,\xF0\x9F\x92\x9E,REVOLVING HEARTS
💟,U+1F49F,\xF0\x9F\x92\x9F,HEART DECORATION
💠,U+1F4A0,\xF0\x9F\x92\xA0,DIAMOND SHAPE WITH A DOT INSIDE
💡,U+1F4A1,\xF0\x9F\x92\xA1,ELECTRIC LIGHT BULB
💢,U+1F4A2,\xF0\x9F\x92\xA2,ANGER SYMBOL
💣,U+1F4A3,\xF0\x9F\x92\xA3,BOMB
💤,U+1F4A4,\xF0\x9F\x92\xA4,SLEEPING SYMBOL
💥,U+1F4A5,\xF0\x9F\x92\xA5,COLLISION SYMBOL
💦,U+1F4A6,\xF0\x9F\x92\xA6,SPLASHING SWEAT SYMBOL
💧,U+1F4A7,\xF0\x9F\x92\xA7,DROPLET
💨,U+1F4A8,\xF0\x9F\x92\xA8,DASH SYMBOL
💩,U+1F4A9,\xF0\x9F\x92\xA9,PILE OF POO
💪,U+1F4AA,\xF0\x9F\x92\xAA,FLEXED BICEPS
💫,U+1F4AB,\xF0\x9F\x92\xAB,DIZZY SYMBOL
💬,U+1F4AC,\xF0\x9F\x92\xAC,SPEECH BALLOON
💮,U+1F4AE,\xF0\x9F\x92\xAE,WHITE FLOWER
💯,U+1F4AF,\xF0\x9F\x92\xAF,HUNDRED POINTS SYMBOL
💰,U+1F4B0,\xF0\x9F\x92\xB0,MONEY BAG
💱,U+1F4B1,\xF0\x9F\x92\xB1,CURRENCY EXCHANGE
💲,U+1F4B2,\xF0\x9F\x92\xB2,HEAVY DOLLAR SIGN
💳,U+1F4B3,\xF0\x9F\x92\xB3,CREDIT CARD
💴,U+1F4B4,\xF0\x9F\x92\xB4,BANKNOTE WITH YEN SIGN
💵,U+1F4B5,\xF0\x9F\x92\xB5,BANKNOTE WITH DOLLAR SIGN
💸,U+1F4B8,\xF0\x9F\x92\xB8,MONEY WITH WINGS
💹,U+1F4B9,\xF0\x9F\x92\xB9,CHART WITH UPWARDS TREND AND YEN SIGN
💺,U+1F4BA,\xF0\x9F\x92\xBA,SEAT
💻,U+1F4BB,\xF0\x9F\x92\xBB,PERSONAL COMPUTER
💼,U+1F4BC,\xF0\x9F\x92\xBC,BRIEFCASE
💽,U+1F4BD,\xF0\x9F\x92\xBD,MINIDISC
💾,U+1F4BE,\xF0\x9F\x92\xBE,FLOPPY DISK
💿,U+1F4BF,\xF0\x9F\x92\xBF,OPTICAL DISC
📀,U+1F4C0,\xF0\x9F\x93\x80,DVD
📁,U+1F4C1,\xF0\x9F\x93\x81,FILE FOLDER
📂,U+1F4C2,\xF0\x9F\x93\x82,OPEN FILE FOLDER
📃,U+1F4C3,\xF0\x9F\x93\x83,PAGE WITH CURL
📄,U+1F4C4,\xF0\x9F\x93\x84,PAGE FACING UP
📅,U+1F4C5,\xF0\x9F\x93\x85,CALENDAR
📆,U+1F4C6,\xF0\x9F\x93\x86,TEAR-OFF CALENDAR
📇,U+1F4C7,\xF0\x9F\x93\x87,CARD INDEX
📈,U+1F4C8,\xF0\x9F\x93\x88,CHART WITH UPWARDS TREND
📉,U+1F4C9,\xF0\x9F\x93\x89,CHART WITH DOWNWARDS TREND
📊,U+1F4CA,\xF0\x9F\x93\x8A,BAR CHART
📋,U+1F4CB,\xF0\x9F\x93\x8B,CLIPBOARD
📌,U+1F4CC,\xF0\x9F\x93\x8C,PUSHPIN
📍,U+1F4CD,\xF0\x9F\x93\x8D,ROUND PUSHPIN
📎,U+1F4CE,\xF0\x9F\x93\x8E,PAPERCLIP
📏,U+1F4CF,\xF0\x9F\x93\x8F,STRAIGHT RULER
📐,U+1F4D0,\xF0\x9F\x93\x90,TRIANGULAR RULER
📑,U+1F4D1,\xF0\x9F\x93\x91,BOOKMARK TABS
📒,U+1F4D2,\xF0\x9F\x93\x92,LEDGER
📓,U+1F4D3,\xF0\x9F\x93\x93,NOTEBOOK
📔,U+1F4D4,\xF0\x9F\x93\x94,NOTEBOOK WITH DECORATIVE COVER
📕,U+1F4D5,\xF0\x9F\x93\x95,CLOSED BOOK
📖,U+1F4D6,\xF0\x9F\x93\x96,OPEN BOOK
📗,U+1F4D7,\xF0\x9F\x93\x97,GREEN BOOK
📘,U+1F4D8,\xF0\x9F\x93\x98,BLUE BOOK
📙,U+1F4D9,\xF0\x9F\x93\x99,ORANGE BOOK
📚,U+1F4DA,\xF0\x9F\x93\x9A,BOOKS
📛,U+1F4DB,\xF0\x9F\x93\x9B,NAME BADGE
📜,U+1F4DC,\xF0\x9F\x93\x9C,SCROLL
📝,U+1F4DD,\xF0\x9F\x93\x9D,MEMO
📞,U+1F4DE,\xF0\x9F\x93\x9E,TELEPHONE RECEIVER
📟,U+1F4DF,\xF0\x9F\x93\x9F,PAGER
📠,U+1F4E0,\xF0\x9F\x93\xA0,FAX MACHINE
📡,U+1F4E1,\xF0\x9F\x93\xA1,SATELLITE ANTENNA
📢,U+1F4E2,\xF0\x9F\x93\xA2,PUBLIC ADDRESS LOUDSPEAKER
📣,U+1F4E3,\xF0\x9F\x93\xA3,CHEERING MEGAPHONE
📤,U+1F4E4,\xF0\x9F\x93\xA4,OUTBOX TRAY
📥,U+1F4E5,\xF0\x9F\x93\xA5,INBOX TRAY
📦,U+1F4E6,\xF0\x9F\x93\xA6,PACKAGE
📧,U+1F4E7,\xF0\x9F\x93\xA7,E-MAIL SYMBOL
📨,U+1F4E8,\xF0\x9F\x93\xA8,INCOMING ENVELOPE
📩,U+1F4E9,\xF0\x9F\x93\xA9,ENVELOPE WITH DOWNWARDS ARROW ABOVE
📪,U+1F4EA,\xF0\x9F\x93\xAA,CLOSED MAILBOX WITH LOWERED FLAG
📫,U+1F4EB,\xF0\x9F\x93\xAB,CLOSED MAILBOX WITH RAISED FLAG
📮,U+1F4EE,\xF0\x9F\x93\xAE,POSTBOX
📰,U+1F4F0,\xF0\x9F\x93\xB0,NEWSPAPER
📱,U+1F4F1,\xF0\x9F\x93\xB1,MOBILE PHONE
📲,U+1F4F2,\xF0\x9F\x93\xB2,MOBILE PHONE WITH RIGHTWARDS ARROW AT LEFT
📳,U+1F4F3,\xF0\x9F\x93\xB3,VIBRATION MODE
📴,U+1F4F4,\xF0\x9F\x93\xB4,MOBILE PHONE OFF
📶,U+1F4F6,\xF0\x9F\x93\xB6,ANTENNA WITH BARS
📷,U+1F4F7,\xF0\x9F\x93\xB7,CAMERA
📹,U+1F4F9,\xF0\x9F\x93\xB9,VIDEO CAMERA
📺,U+1F4FA,\xF0\x9F\x93\xBA,TELEVISION
📻,U+1F4FB,\xF0\x9F\x93\xBB,RADIO
📼,U+1F4FC,\xF0\x9F\x93\xBC,VIDEOCASSETTE
🔃,U+1F503,\xF0\x9F\x94\x83,CLOCKWISE DOWNWARDS AND UPWARDS OPEN CIRCLE ARROWS
🔊,U+1F50A,\xF0\x9F\x94\x8A,SPEAKER WITH THREE SOUND WAVES
🔋,U+1F50B,\xF0\x9F\x94\x8B,BATTERY
🔌,U+1F50C,\xF0\x9F\x94\x8C,ELECTRIC PLUG
🔍,U+1F50D,\xF0\x9F\x94\x8D,LEFT-POINTING MAGNIFYING GLASS
🔎,U+1F50E,\xF0\x9F\x94\x8E,RIGHT-POINTING MAGNIFYING GLASS
🔏,U+1F50F,\xF0\x9F\x94\x8F,LOCK WITH INK PEN
🔐,U+1F510,\xF0\x9F\x94\x90,CLOSED LOCK WITH KEY
🔑,U+1F511,\xF0\x9F\x94\x91,KEY
🔒,U+1F512,\xF0\x9F\x94\x92,LOCK
🔓,U+1F513,\xF0\x9F\x94\x93,OPEN LOCK
🔔,U+1F514,\xF0\x9F\x94\x94,BELL
🔖,U+1F516,\xF0\x9F\x94\x96,BOOKMARK
🔗,U+1F517,\xF0\x9F\x94\x97,LINK SYMBOL
🔘,U+1F518,\xF0\x9F\x94\x98,RADIO BUTTON
🔙,U+1F519,\xF0\x9F\x94\x99,BACK WITH LEFTWARDS ARROW ABOVE
🔚,U+1F51A,\xF0\x9F\x94\x9A,END WITH LEFTWARDS ARROW ABOVE
🔛,U+1F51B,\xF0\x9F\x94\x9B,ON WITH EXCLAMATION MARK WITH LEFT RIGHT ARROW ABOVE
🔜,U+1F51C,\xF0\x9F\x94\x9C,SOON WITH RIGHTWARDS ARROW ABOVE
🔝,U+1F51D,\xF0\x9F\x94\x9D,TOP WITH UPWARDS ARROW ABOVE
🔞,U+1F51E,\xF0\x9F\x94\x9E,NO ONE UNDER EIGHTEEN SYMBOL
🔟,U+1F51F,\xF0\x9F\x94\x9F,KEYCAP TEN
🔠,U+1F520,\xF0\x9F\x94\xA0,INPUT SYMBOL FOR LATIN CAPITAL LETTERS
🔡,U+1F521,\xF0\x9F\x94\xA1,INPUT SYMBOL FOR LATIN SMALL LETTERS
🔢,U+1F522,\xF0\x9F\x94\xA2,INPUT SYMBOL FOR NUMBERS
🔣,U+1F523,\xF0\x9F\x94\xA3,INPUT SYMBOL FOR SYMBOLS
🔤,U+1F524,\xF0\x9F\x94\xA4,INPUT SYMBOL FOR LATIN LETTERS
🔥,U+1F525,\xF0\x9F\x94\xA5,FIRE
🔦,U+1F526,\xF0\x9F\x94\xA6,ELECTRIC TORCH
🔧,U+1F527,\xF0\x9F\x94\xA7,WRENCH
🔨,U+1F528,\xF0\x9F\x94\xA8,HAMMER
🔩,U+1F529,\xF0\x9F\x94\xA9,NUT AND BOLT
🔪,U+1F52A,\xF0\x9F\x94\xAA,HOCHO
🔫,U+1F52B,\xF0\x9F\x94\xAB,PISTOL
🔮,U+1F52E,\xF0\x9F\x94\xAE,CRYSTAL BALL
🔯,U+1F52F,\xF0\x9F\x94\xAF,SIX POINTED STAR WITH MIDDLE DOT
🔰,U+1F530,\xF0\x9F\x94\xB0,JAPANESE SYMBOL FOR BEGINNER
🔱,U+1F531,\xF0\x9F\x94\xB1,TRIDENT EMBLEM
🔲,U+1F532,\xF0\x9F\x94\xB2,BLACK SQUARE BUTTON
🔳,U+1F533,\xF0\x9F\x94\xB3,WHITE SQUARE BUTTON
🔴,U+1F534,\xF0\x9F\x94\xB4,LARGE RED CIRCLE
🔵,U+1F535,\xF0\x9F\x94\xB5,LARGE BLUE CIRCLE
🔶,U+1F536,\xF0\x9F\x94\xB6,LARGE ORANGE DIAMOND
🔷,U+1F537,\xF0\x9F\x94\xB7,LARGE BLUE DIAMOND
🔸,U+1F538,\xF0\x9F\x94\xB8,SMALL ORANGE DIAMOND
🔹,U+1F539,\xF0\x9F\x94\xB9,SMALL BLUE DIAMOND
🔺,U+1F53A,\xF0\x9F\x94\xBA,UP-POINTING RED TRIANGLE
🔻,U+1F53B,\xF0\x9F\x94\xBB,DOWN-POINTING RED TRIANGLE
🔼,U+1F53C,\xF0\x9F\x94\xBC,UP-POINTING SMALL RED TRIANGLE
🔽,U+1F53D,\xF0\x9F\x94\xBD,DOWN-POINTING SMALL RED TRIANGLE
🕐,U+1F550,\xF0\x9F\x95\x90,CLOCK FACE ONE OCLOCK
🕑,U+1F551,\xF0\x9F\x95\x91,CLOCK FACE TWO OCLOCK
🕒,U+1F552,\xF0\x9F\x95\x92,CLOCK FACE THREE OCLOCK
🕓,U+1F553,\xF0\x9F\x95\x93,CLOCK FACE FOUR OCLOCK
🕔,U+1F554,\xF0\x9F\x95\x94,CLOCK FACE FIVE OCLOCK
🕕,U+1F555,\xF0\x9F\x95\x95,CLOCK FACE SIX OCLOCK
🕖,U+1F556,\xF0\x9F\x95\x96,CLOCK FACE SEVEN OCLOCK
🕗,U+1F557,\xF0\x9F\x95\x97,CLOCK FACE EIGHT OCLOCK
🕘,U+1F558,\xF0\x9F\x95\x98,CLOCK FACE NINE OCLOCK
🕙,U+1F559,\xF0\x9F\x95\x99,CLOCK FACE TEN OCLOCK
🕚,U+1F55A,\xF0\x9F\x95\x9A,CLOCK FACE ELEVEN OCLOCK
🕛,U+1F55B,\xF0\x9F\x95\x9B,CLOCK FACE TWELVE OCLOCK
🗻,U+1F5FB,\xF0\x9F\x97\xBB,MOUNT FUJI
🗼,U+1F5FC,\xF0\x9F\x97\xBC,TOKYO TOWER
🗽,U+1F5FD,\xF0\x9F\x97\xBD,STATUE OF LIBERTY
🗾,U+1F5FE,\xF0\x9F\x97\xBE,SILHOUETTE OF JAPAN
🗿,U+1F5FF,\xF0\x9F\x97\xBF,MOYAI
😀,U+1F600,\xF0\x9F\x98\x80,GRINNING FACE
😇,U+1F607,\xF0\x9F\x98\x87,SMILING FACE WITH HALO
😈,U+1F608,\xF0\x9F\x98\x88,SMILING FACE WITH HORNS
😎,U+1F60E,\xF0\x9F\x98\x8E,SMILING FACE WITH SUNGLASSES
😐,U+1F610,\xF0\x9F\x98\x90,NEUTRAL FACE
😑,U+1F611,\xF0\x9F\x98\x91,EXPRESSIONLESS FACE
😕,U+1F615,\xF0\x9F\x98\x95,CONFUSED FACE
😗,U+1F617,\xF0\x9F\x98\x97,KISSING FACE
😙,U+1F619,\xF0\x9F\x98\x99,KISSING FACE WITH SMILING EYES
😛,U+1F61B,\xF0\x9F\x98\x9B,FACE WITH STUCK-OUT TONGUE
😟,U+1F61F,\xF0\x9F\x98\x9F,WORRIED FACE
😦,U+1F626,\xF0\x9F\x98\xA6,FROWNING FACE WITH OPEN MOUTH
😧,U+1F627,\xF0\x9F\x98\xA7,ANGUISHED FACE
😬,U+1F62C,\xF0\x9F\x98\xAC,GRIMACING FACE
😮,U+1F62E,\xF0\x9F\x98\xAE,FACE WITH OPEN MOUTH
😯,U+1F62F,\xF0\x9F\x98\xAF,HUSHED FACE
😴,U+1F634,\xF0\x9F\x98\xB4,SLEEPING FACE
😶,U+1F636,\xF0\x9F\x98\xB6,FACE WITHOUT MOUTH
🚁,U+1F681,\xF0\x9F\x9A\x81,HELICOPTER
🚂,U+1F682,\xF0\x9F\x9A\x82,STEAM LOCOMOTIVE
🚆,U+1F686,\xF0\x9F\x9A\x86,TRAIN
🚈,U+1F688,\xF0\x9F\x9A\x88,LIGHT RAIL
🚊,U+1F68A,\xF0\x9F\x9A\x8A,TRAM
🚍,U+1F68D,\xF0\x9F\x9A\x8D,ONCOMING BUS
🚎,U+1F68E,\xF0\x9F\x9A\x8E,TROLLEYBUS
🚐,U+1F690,\xF0\x9F\x9A\x90,MINIBUS
🚔,U+1F694,\xF0\x9F\x9A\x94,ONCOMING POLICE CAR
🚖,U+1F696,\xF0\x9F\x9A\x96,ONCOMING TAXI
🚘,U+1F698,\xF0\x9F\x9A\x98,ONCOMING AUTOMOBILE
🚛,U+1F69B,\xF0\x9F\x9A\x9B,ARTICULATED LORRY
🚜,U+1F69C,\xF0\x9F\x9A\x9C,TRACTOR
🚝,U+1F69D,\xF0\x9F\x9A\x9D,MONORAIL
🚞,U+1F69E,\xF0\x9F\x9A\x9E,MOUNTAIN RAILWAY
🚟,U+1F69F,\xF0\x9F\x9A\x9F,SUSPENSION RAILWAY
🚠,U+1F6A0,\xF0\x9F\x9A\xA0,MOUNTAIN CABLEWAY
🚡,U+1F6A1,\xF0\x9F\x9A\xA1,AERIAL TRAMWAY
🚣,U+1F6A3,\xF0\x9F\x9A\xA3,ROWBOAT
🚦,U+1F6A6,\xF0\x9F\x9A\xA6,VERTICAL TRAFFIC LIGHT
🚮,U+1F6AE,\xF0\x9F\x9A\xAE,PUT LITTER IN ITS PLACE SYMBOL
🚯,U+1F6AF,\xF0\x9F\x9A\xAF,DO NOT LITTER SYMBOL
🚰,U+1F6B0,\xF0\x9F\x9A\xB0,POTABLE WATER SYMBOL
🚱,U+1F6B1,\xF0\x9F\x9A\xB1,NON-POTABLE WATER SYMBOL
🚳,U+1F6B3,\xF0\x9F\x9A\xB3,NO BICYCLES
🚴,U+1F6B4,\xF0\x9F\x9A\xB4,BICYCLIST
🚵,U+1F6B5,\xF0\x9F\x9A\xB5,MOUNTAIN BICYCLIST
🚷,U+1F6B7,\xF0\x9F\x9A\xB7,NO PEDESTRIANS
🚸,U+1F6B8,\xF0\x9F\x9A\xB8,CHILDREN CROSSING
🚿,U+1F6BF,\xF0\x9F\x9A\xBF,SHOWER
🛁,U+1F6C1,\xF0\x9F\x9B\x81,BATHTUB
🛂,U+1F6C2,\xF0\x9F\x9B\x82,PASSPORT CONTROL
🛃,U+1F6C3,\xF0\x9F\x9B\x83,CUSTOMS
🛄,U+1F6C4,\xF0\x9F\x9B\x84,BAGGAGE CLAIM
🛅,U+1F6C5,\xF0\x9F\x9B\x85,LEFT LUGGAGE
🌍,U+1F30D,\xF0\x9F\x8C\x8D,EARTH GLOBE EUROPE-AFRICA
🌎,U+1F30E,\xF0\x9F\x8C\x8E,EARTH GLOBE AMERICAS
🌐,U+1F310,\xF0\x9F\x8C\x90,GLOBE WITH MERIDIANS
🌒,U+1F312,\xF0\x9F\x8C\x92,WAXING CRESCENT MOON SYMBOL
🌖,U+1F316,\xF0\x9F\x8C\x96,WANING GIBBOUS MOON SYMBOL
🌗,U+1F317,\xF0\x9F\x8C\x97,LAST QUARTER MOON SYMBOL
🌘,U+1F318,\xF0\x9F\x8C\x98,WANING CRESCENT MOON SYMBOL
🌚,U+1F31A,\xF0\x9F\x8C\x9A,NEW MOON WITH FACE
🌜,U+1F31C,\xF0\x9F\x8C\x9C,LAST QUARTER MOON WITH FACE
🌝,U+1F31D,\xF0\x9F\x8C\x9D,FULL MOON WITH FACE
🌞,U+1F31E,\xF0\x9F\x8C\x9E,SUN WITH FACE
🌲,U+1F332,\xF0\x9F\x8C\xB2,EVERGREEN TREE
🌳,U+1F333,\xF0\x9F\x8C\xB3,DECIDUOUS TREE
🍋,U+1F34B,\xF0\x9F\x8D\x8B,LEMON
🍐,U+1F350,\xF0\x9F\x8D\x90,PEAR
🍼,U+1F37C,\xF0\x9F\x8D\xBC,BABY BOTTLE
🏇,U+1F3C7,\xF0\x9F\x8F\x87,HORSE RACING
🏉,U+1F3C9,\xF0\x9F\x8F\x89,RUGBY FOOTBALL
🏤,U+1F3E4,\xF0\x9F\x8F\xA4,EUROPEAN POST OFFICE
🐀,U+1F400,\xF0\x9F\x90\x80,RAT
🐁,U+1F401,\xF0\x9F\x90\x81,MOUSE
🐂,U+1F402,\xF0\x9F\x90\x82,OX
🐃,U+1F403,\xF0\x9F\x90\x83,WATER BUFFALO
🐄,U+1F404,\xF0\x9F\x90\x84,COW
🐅,U+1F405,\xF0\x9F\x90\x85,TIGER
🐆,U+1F406,\xF0\x9F\x90\x86,LEOPARD
🐇,U+1F407,\xF0\x9F\x90\x87,RABBIT
🐈,U+1F408,\xF0\x9F\x90\x88,CAT
🐉,U+1F409,\xF0\x9F\x90\x89,DRAGON
🐊,U+1F40A,\xF0\x9F\x90\x8A,CROCODILE
🐋,U+1F40B,\xF0\x9F\x90\x8B,WHALE
🐏,U+1F40F,\xF0\x9F\x90\x8F,RAM
🐐,U+1F410,\xF0\x9F\x90\x90,GOAT
🐓,U+1F413,\xF0\x9F\x90\x93,ROOSTER
🐕,U+1F415,\xF0\x9F\x90\x95,DOG
🐖,U+1F416,\xF0\x9F\x90\x96,PIG
🐪,U+1F42A,\xF0\x9F\x90\xAA,DROMEDARY CAMEL
👥,U+1F465,\xF0\x9F\x91\xA5,BUSTS IN SILHOUETTE
👬,U+1F46C,\xF0\x9F\x91\xAC,TWO MEN HOLDING HANDS
👭,U+1F46D,\xF0\x9F\x91\xAD,TWO WOMEN HOLDING HANDS
💭,U+1F4AD,\xF0\x9F\x92\xAD,THOUGHT BALLOON
💶,U+1F4B6,\xF0\x9F\x92\xB6,BANKNOTE WITH EURO SIGN
💷,U+1F4B7,\xF0\x9F\x92\xB7,BANKNOTE WITH POUND SIGN
📬,U+1F4EC,\xF0\x9F\x93\xAC,OPEN MAILBOX WITH RAISED FLAG
📭,U+1F4ED,\xF0\x9F\x93\xAD,OPEN MAILBOX WITH LOWERED FLAG
📯,U+1F4EF,\xF0\x9F\x93\xAF,POSTAL HORN
📵,U+1F4F5,\xF0\x9F\x93\xB5,NO MOBILE PHONES
🔀,U+1F500,\xF0\x9F\x94\x80,TWISTED RIGHTWARDS ARROWS
🔁,U+1F501,\xF0\x9F\x94\x81,CLOCKWISE RIGHTWARDS AND LEFTWARDS OPEN CIRCLE ARROWS
🔂,U+1F502,\xF0\x9F\x94\x82,CLOCKWISE RIGHTWARDS AND LEFTWARDS OPEN CIRCLE ARROWS WITH CIRCLED ONE OVERLAY
🔄,U+1F504,\xF0\x9F\x94\x84,ANTICLOCKWISE DOWNWARDS AND UPWARDS OPEN CIRCLE ARROWS
🔅,U+1F505,\xF0\x9F\x94\x85,LOW BRIGHTNESS SYMBOL
🔆,U+1F506,\xF0\x9F\x94\x86,HIGH BRIGHTNESS SYMBOL
🔇,U+1F507,\xF0\x9F\x94\x87,SPEAKER WITH CANCELLATION STROKE
🔉,U+1F509,\xF0\x9F\x94\x89,SPEAKER WITH ONE SOUND WAVE
🔕,U+1F515,\xF0\x9F\x94\x95,BELL WITH CANCELLATION STROKE
🔬,U+1F52C,\xF0\x9F\x94\xAC,MICROSCOPE
🔭,U+1F52D,\xF0\x9F\x94\xAD,TELESCOPE
🕜,U+1F55C,\xF0\x9F\x95\x9C,CLOCK FACE ONE-THIRTY
🕝,U+1F55D,\xF0\x9F\x95\x9D,CLOCK FACE TWO-THIRTY
🕞,U+1F55E,\xF0\x9F\x95\x9E,CLOCK FACE THREE-THIRTY
🕟,U+1F55F,\xF0\x9F\x95\x9F,CLOCK FACE FOUR-THIRTY
🕠,U+1F560,\xF0\x9F\x95\xA0,CLOCK FACE FIVE-THIRTY
🕡,U+1F561,\xF0\x9F\x95\xA1,CLOCK FACE SIX-THIRTY
🕢,U+1F562,\xF0\x9F\x95\xA2,CLOCK FACE SEVEN-THIRTY
🕣,U+1F563,\xF0\x9F\x95\xA3,CLOCK FACE EIGHT-THIRTY
🕤,U+1F564,\xF0\x9F\x95\xA4,CLOCK FACE NINE-THIRTY
🕥,U+1F565,\xF0\x9F\x95\xA5,CLOCK FACE TEN-THIRTY
🕦,U+1F566,\xF0\x9F\x95\xA6,CLOCK FACE ELEVEN-THIRTY
🕧,U+1F567,\xF0\x9F\x95\xA7,CLOCK FACE TWELVE-THIRTY
